original,path,view,description,width,height,nominal_tier,format,bytes,sha256
imgi_9_s-l500.webp,01-vues-ensemble/01-face-clavier-eloigne/face-clavier-eloigne__394x500__l500.webp,01-face-clavier-eloigne,"Face, clavier séparé au premier plan",394,500,500,WEBP,16886,db2844f791804525f3eab0170fb540f7c26a10f80d3e87c3bdcd845f17c5dd68
imgi_19_s-l1600.webp,01-vues-ensemble/01-face-clavier-eloigne/face-clavier-eloigne__1240x1572__l1600.webp,01-face-clavier-eloigne,"Face, clavier séparé au premier plan",1240,1572,1600,WEBP,71894,70982e7fa862cd176be7cc9f8126efaa83e5b9304e696e7c805ea857b859ee3b
imgi_56_s-l960.webp,01-vues-ensemble/01-face-clavier-eloigne/face-clavier-eloigne__757x960__l960.webp,01-face-clavier-eloigne,"Face, clavier séparé au premier plan",757,960,960,WEBP,39874,fcf9b016290bb897c7e7320d6cdd4d1cf8e68194d3bca648318f8d95d873964f
imgi_10_s-l500.webp,01-vues-ensemble/02-face-clavier-rapproche/face-clavier-rapproche__432x500__l500.webp,02-face-clavier-rapproche,"Face, clavier séparé rapproché du terminal",432,500,500,WEBP,17508,102fdf19dd73dc75e7a87ea806617a793616bcb284b8a98d3dbaf3454f189da9
imgi_48_s-l1600.webp,01-vues-ensemble/02-face-clavier-rapproche/face-clavier-rapproche__1378x1596__l1600.webp,02-face-clavier-rapproche,"Face, clavier séparé rapproché du terminal",1378,1596,1600,WEBP,93214,d06648b91f55fd2612637689002706f0acdf85fc95c92f1268f79e2495326842
imgi_57_s-l960.webp,01-vues-ensemble/02-face-clavier-rapproche/face-clavier-rapproche__829x960__l960.webp,02-face-clavier-rapproche,"Face, clavier séparé rapproché du terminal",829,960,960,WEBP,44518,5fff623eb9cc4c5dfd995b57a99c94b962ed3f6f2015937dedcb14e4a8dd3d5c
imgi_167_s-l1600.png,01-vues-ensemble/02-face-clavier-rapproche/face-clavier-rapproche__1378x1596__l1600.png,02-face-clavier-rapproche,"Face, clavier séparé rapproché du terminal",1378,1596,1600,PNG,2122655,98451e55fe8d036ac898968aed9d3792cb0437990de8624e4b6471d9a2f1b355
imgi_11_s-l500.webp,01-vues-ensemble/03-face-clavier-devant-ecran/face-clavier-devant-ecran__500x405__l500.webp,03-face-clavier-devant-ecran,"Face, clavier devant l’écran",500,405,500,WEBP,14260,23292d89916d6d1ac9f4c0920af630d9e6352553a1f5560a9182ad565c887cd4
imgi_49_s-l1600.webp,01-vues-ensemble/03-face-clavier-devant-ecran/face-clavier-devant-ecran__1536x1245__l1600.webp,03-face-clavier-devant-ecran,"Face, clavier devant l’écran",1536,1245,1600,WEBP,73262,adddbf3c80240526fd5fba9d57e4ab79630f8ae6ee306d9e0caca2646e285504
imgi_58_s-l960.webp,01-vues-ensemble/03-face-clavier-devant-ecran/face-clavier-devant-ecran__960x778__l960.webp,03-face-clavier-devant-ecran,"Face, clavier devant l’écran",960,778,960,WEBP,36632,a3b8a4baefe44b7bca6dff18a2bf31e81408306664cb50f11007f14b6eee15ec
imgi_168_s-l1600.jpg,01-vues-ensemble/03-face-clavier-devant-ecran/face-clavier-devant-ecran__1536x1245__l1600.jpg,03-face-clavier-devant-ecran,"Face, clavier devant l’écran",1536,1245,1600,JPEG,198003,0419cb18f95ba2bdf637aed59539aebca5a35a0b08acf13d9b9a2a33f3fcd974
imgi_12_s-l500.webp,02-ecran-et-coque/04-ecran-face/ecran-face__500x484__l500.webp,04-ecran-face,"Écran et encadrement, vue de face",500,484,500,WEBP,8252,d0f29d7c9bb1a8e8b8f674d40eb5495b7d95ca2ed077718e5b08a2858be6e64e
imgi_50_s-l1600.webp,02-ecran-et-coque/04-ecran-face/ecran-face__1482x1434__l1600.webp,04-ecran-face,"Écran et encadrement, vue de face",1482,1434,1600,WEBP,48818,855ffb3534b14a2f100ad6dbdbae6dd475bc0e226087dbbb96ee7aa0ad2623b9
imgi_59_s-l960.webp,02-ecran-et-coque/04-ecran-face/ecran-face__960x929__l960.webp,04-ecran-face,"Écran et encadrement, vue de face",960,929,960,WEBP,23238,32bc579e4100ce64347233ad077b1938f806cdb658c59024d7b611796a0e22ab
imgi_169_s-l1600.jpg,02-ecran-et-coque/04-ecran-face/ecran-face__1482x1434__l1600.jpg,04-ecran-face,"Écran et encadrement, vue de face",1482,1434,1600,JPEG,165282,9eb3207125bc4def14bb16e38a19112e98be0b0d4db459d39e9e4d38714264f2
imgi_13_s-l500.webp,02-ecran-et-coque/05-coque-profil/coque-profil__500x436__l500.webp,05-coque-profil,"Coque, profil en trois quarts",500,436,500,WEBP,8536,2171aade46367dfa91b37b45b412cacd48a432c0a92dac724d52057b7fb5bfb3
imgi_51_s-l1600.webp,02-ecran-et-coque/05-coque-profil/coque-profil__1524x1329__l1600.webp,05-coque-profil,"Coque, profil en trois quarts",1524,1329,1600,WEBP,45982,def2afe2b8aeb5e54e543210733a96e442d1b39e6ff8cec077884a4c67bcf0dd
imgi_60_s-l960.webp,02-ecran-et-coque/05-coque-profil/coque-profil__960x837__l960.webp,05-coque-profil,"Coque, profil en trois quarts",960,837,960,WEBP,22030,44d98c73f40afdd9a04def9c14f2cf383753b831ce6377545609997107aee83d
imgi_170_s-l1600.jpg,02-ecran-et-coque/05-coque-profil/coque-profil__1524x1329__l1600.jpg,05-coque-profil,"Coque, profil en trois quarts",1524,1329,1600,JPEG,163675,df2551062540ffbd0ad9982c51ffd400a748fb1e907633a6569ffb6ea218c9a2
imgi_14_s-l500.webp,03-arriere-et-accessoires/06-arriere-ensemble/arriere-ensemble__435x500__l500.webp,06-arriere-ensemble,Arrière du terminal avec câbles et boîtier bleu,435,500,500,WEBP,17400,8bdda442c0b4c0cae8da8686f3b5f04d3a125a3e2284cc6bfcd815254b2cc46f
imgi_52_s-l1600.webp,03-arriere-et-accessoires/06-arriere-ensemble/arriere-ensemble__1392x1600__l1600.webp,06-arriere-ensemble,Arrière du terminal avec câbles et boîtier bleu,1392,1600,1600,WEBP,70582,2524a05316141bed2c124dffadb532c1d18e85310f90002e50852996d8b28605
imgi_61_s-l960.webp,03-arriere-et-accessoires/06-arriere-ensemble/arriere-ensemble__835x960__l960.webp,06-arriere-ensemble,Arrière du terminal avec câbles et boîtier bleu,835,960,960,WEBP,37604,bb687625a43ed45c8dc47a2646773d057d40c26983a4913ac1b0306730b094aa
imgi_15_s-l500.webp,03-arriere-et-accessoires/07-arriere-connectique/arriere-connectique__482x500__l500.webp,07-arriere-connectique,"Arrière, grille, connectique et câbles",482,500,500,WEBP,20030,b695183365bde97a2975c9d2e2cc19f4ea4cc55c2e791955eb476684ccdfe531
imgi_53_s-l1600.webp,03-arriere-et-accessoires/07-arriere-connectique/arriere-connectique__1389x1440__l1600.webp,07-arriere-connectique,"Arrière, grille, connectique et câbles",1389,1440,1600,WEBP,92254,5afdbf48db0f2b9797562105f593b53bbb66677ff6fc3b92802cb7c50ea38fd8
imgi_62_s-l960.webp,03-arriere-et-accessoires/07-arriere-connectique/arriere-connectique__926x960__l960.webp,07-arriere-connectique,"Arrière, grille, connectique et câbles",926,960,960,WEBP,55026,1fc0e21cd707b99d36f4634028a5c951f0704863a63f15444f8d77425551f88d
imgi_16_s-l500.webp,03-arriere-et-accessoires/08-cables-boitier-bleu/cables-boitier-bleu__500x235__l500.webp,08-cables-boitier-bleu,Détail des câbles et du boîtier bleu,500,235,500,WEBP,12568,54322bc4588d894a964f43c8648465a9006cc259131b6d8ab849371f6de90914
imgi_54_s-l1600.webp,03-arriere-et-accessoires/08-cables-boitier-bleu/cables-boitier-bleu__1600x751__l1600.webp,08-cables-boitier-bleu,Détail des câbles et du boîtier bleu,1600,751,1600,WEBP,60872,3287ee7f408536c8e0f90207ddbfcd517e32f3ca62cf937a43c3d43a5b07abbd
imgi_64_s-l960.webp,03-arriere-et-accessoires/08-cables-boitier-bleu/cables-boitier-bleu__960x451__l960.webp,08-cables-boitier-bleu,Détail des câbles et du boîtier bleu,960,451,960,WEBP,30034,773efaf98f9d6e3ce649324d58a5b17a52a6f2b0fc619131e8a54a919dc2cfad
imgi_17_s-l500.webp,05-marquages/09-inscriptions-arriere/inscriptions-arriere__500x301__l500.webp,09-inscriptions-arriere,Inscriptions techniques à l’arrière,500,301,500,WEBP,20140,b1c3f9e6cf2fe2864305739f9a4ea740543ce818663c5557012fb94d6f17900e
imgi_55_s-l1600.webp,05-marquages/09-inscriptions-arriere/inscriptions-arriere__1600x964__l1600.webp,09-inscriptions-arriere,Inscriptions techniques à l’arrière,1600,964,1600,WEBP,134374,7629e768895dec771b64ead061e57ba3ad3d280d004cbeddb5dfdffa4fd81c1f
imgi_66_s-l960.webp,05-marquages/09-inscriptions-arriere/inscriptions-arriere__960x578__l960.webp,09-inscriptions-arriere,Inscriptions techniques à l’arrière,960,578,960,WEBP,60260,f24736c8a90e30da96e95037fb22035a442f7eccabb5d3341fb617e4d37fcac4
imgi_139_s-l1600.webp,05-marquages/10-logo-terminatel-255/logo-terminatel-255__1407x438__l1600.webp,10-logo-terminatel-255,Marquage TERMINATEL 255,1407,438,1600,WEBP,37366,e9920ec49e6a02643be465988897321b5ba61f6a1876e75040b83e8c47b5ea0d
imgi_140_s-l500.webp,05-marquages/10-logo-terminatel-255/logo-terminatel-255__500x156__l500.webp,10-logo-terminatel-255,Marquage TERMINATEL 255,500,156,500,WEBP,9128,26d9644aa595cbcfbc605bd3927e028191692a194bd8813f318da2932f50b818
imgi_141_s-l960.webp,05-marquages/10-logo-terminatel-255/logo-terminatel-255__960x299__l960.webp,10-logo-terminatel-255,Marquage TERMINATEL 255,960,299,960,WEBP,23924,f0713fa0e247b3202e410e4563af140928c43dd7166e37de83185ec7f9615ac9
imgi_142_s-l1600.webp,05-marquages/11-logo-telic-alcatel/logo-telic-alcatel__1539x630__l1600.webp,11-logo-telic-alcatel,Marquage TELIC ALCATEL et grille,1539,630,1600,WEBP,69744,c5e27f18235a0ff70c6919a5cd3288715bec911ac9af10063525995625eec511
imgi_143_s-l500.webp,05-marquages/11-logo-telic-alcatel/logo-telic-alcatel__500x205__l500.webp,11-logo-telic-alcatel,Marquage TELIC ALCATEL et grille,500,205,500,WEBP,15694,6c37fa3a890344b13c805be036e44795ed5a144c443ed1cd1e8e79f349543f0d
imgi_144_s-l960.webp,05-marquages/11-logo-telic-alcatel/logo-telic-alcatel__960x393__l960.webp,11-logo-telic-alcatel,Marquage TELIC ALCATEL et grille,960,393,960,WEBP,40350,6bc0932894e82dae84cac03d54c6455ba3ea76ab7f783b17f4953558a1f8e5aa
imgi_145_s-l1600.webp,04-clavier-et-combine/12-clavier-combine-sur-support/clavier-combine-sur-support__1600x1073__l1600.webp,12-clavier-combine-sur-support,Clavier et combiné posé sur son support,1600,1073,1600,WEBP,108374,076c03f9cc6a8298d81d8ec40201969c8c0c233529625f190a037d9ff96b5882
imgi_146_s-l500.webp,04-clavier-et-combine/12-clavier-combine-sur-support/clavier-combine-sur-support__500x335__l500.webp,12-clavier-combine-sur-support,Clavier et combiné posé sur son support,500,335,500,WEBP,19998,acefeb6533e98754bb32068abe46c734f9905f4578c4b13a791aaff9d7d62af5
imgi_147_s-l960.webp,04-clavier-et-combine/12-clavier-combine-sur-support/clavier-combine-sur-support__960x644__l960.webp,12-clavier-combine-sur-support,Clavier et combiné posé sur son support,960,644,960,WEBP,50978,abd071458b2a488821b47239cbd97d2ad93c9e058eda7f6bd5ef37200192dc31
imgi_148_s-l1600.webp,04-clavier-et-combine/13-clavier-vue-oblique/clavier-vue-oblique__1600x845__l1600.webp,13-clavier-vue-oblique,"Clavier et combiné, vue oblique",1600,845,1600,WEBP,112242,faaab0b3054c7ea91739f53fd20d449c50f33a24a89bf9a360d3eec9237ea9f6
imgi_149_s-l500.webp,04-clavier-et-combine/13-clavier-vue-oblique/clavier-vue-oblique__500x264__l500.webp,13-clavier-vue-oblique,"Clavier et combiné, vue oblique",500,264,500,WEBP,19450,f9f7d3671e593260d525e1bc3ab8e897b063d59f221d860978e7e430106a7fac
imgi_150_s-l960.webp,04-clavier-et-combine/13-clavier-vue-oblique/clavier-vue-oblique__960x506__l960.webp,13-clavier-vue-oblique,"Clavier et combiné, vue oblique",960,506,960,WEBP,50100,d9c6baaacef2b14188acdbad568af4313c64bd966696a07626a5ec619240633c
imgi_151_s-l1600.webp,04-clavier-et-combine/14-clavier-combine-decroche/clavier-combine-decroche__1515x1056__l1600.webp,14-clavier-combine-decroche,"Clavier, combiné décroché à côté",1515,1056,1600,WEBP,113192,4191d24be59d83c28faa43ba54e88ae3ffea85edea5e3b733d4e5b9a846c6a22
imgi_152_s-l500.webp,04-clavier-et-combine/14-clavier-combine-decroche/clavier-combine-decroche__500x349__l500.webp,14-clavier-combine-decroche,"Clavier, combiné décroché à côté",500,349,500,WEBP,23434,9ae7075bb7163f1c3cdb90ce8810bd36bc9cbc287d988d3ce3b96a91303d3307
imgi_153_s-l960.webp,04-clavier-et-combine/14-clavier-combine-decroche/clavier-combine-decroche__960x669__l960.webp,14-clavier-combine-decroche,"Clavier, combiné décroché à côté",960,669,960,WEBP,58352,39b4bd28527db55e877f9c26249b986677502f1b44b7e632e625be10e925ddeb
imgi_154_s-l1600.webp,04-clavier-et-combine/15-clavier-dessous/clavier-dessous__1587x1125__l1600.webp,15-clavier-dessous,"Dessous du clavier, pieds et câbles",1587,1125,1600,WEBP,123156,8325cacaa76ba2d07631d56c759cb78d0b63e6cbb73b2058e2888e2a481b9e75
imgi_155_s-l500.webp,04-clavier-et-combine/15-clavier-dessous/clavier-dessous__500x354__l500.webp,15-clavier-dessous,"Dessous du clavier, pieds et câbles",500,354,500,WEBP,18450,e6fbf0da9608c44d767facb776ee4035aec18c07af514fe48da2b453eaaa91a0
imgi_156_s-l960.webp,04-clavier-et-combine/15-clavier-dessous/clavier-dessous__960x681__l960.webp,15-clavier-dessous,"Dessous du clavier, pieds et câbles",960,681,960,WEBP,55668,91c7aaff351d357ddb31662f8bba1337e53d2335a4104c0332ab117206571ac1
imgi_157_s-l1600.webp,04-clavier-et-combine/16-clavier-touches-logo/clavier-touches-logo__1233x501__l1600.webp,16-clavier-touches-logo,Détail des touches et du logo TELIC,1233,501,1600,WEBP,91310,045fb508e892764509d125b5f8c2023d8318a87895bd624602926fd78f1c12bd
imgi_158_s-l500.webp,04-clavier-et-combine/16-clavier-touches-logo/clavier-touches-logo__500x203__l500.webp,16-clavier-touches-logo,Détail des touches et du logo TELIC,500,203,500,WEBP,23170,680d8650ab50611ea3489935e726cb9d359d98adb256a1e3f535851a7cc3fd24
imgi_159_s-l960.webp,04-clavier-et-combine/16-clavier-touches-logo/clavier-touches-logo__960x390__l960.webp,16-clavier-touches-logo,Détail des touches et du logo TELIC,960,390,960,WEBP,64556,4681dbcd4c8799f24ba77774dacd1cf61a352aeba0408c0bb531d9f3364606fd
imgi_160_s-l1600.webp,04-clavier-et-combine/17-combine-marbrure/combine-marbrure__1600x592__l1600.webp,17-combine-marbrure,Détail du combiné et de sa finition marbrée,1600,592,1600,WEBP,74098,865deb4dbea608169a34d85741d7835758d13a3656fbf201c04a401785373e99
imgi_161_s-l500.webp,04-clavier-et-combine/17-combine-marbrure/combine-marbrure__500x185__l500.webp,17-combine-marbrure,Détail du combiné et de sa finition marbrée,500,185,500,WEBP,12592,5bd7a75869abb073884944d5dddc105cf3502b0b76a07015123684e7b1c3cb83
imgi_162_s-l960.webp,04-clavier-et-combine/17-combine-marbrure/combine-marbrure__960x355__l960.webp,17-combine-marbrure,Détail du combiné et de sa finition marbrée,960,355,960,WEBP,31760,407acf36beaa32cf4340f63e0f2e42ab5ab78a460d115457c3009ef2f3a9f495
imgi_163_s-l1600.webp,02-ecran-et-coque/18-coque-marbrure-grille/coque-marbrure-grille__1125x1491__l1600.webp,18-coque-marbrure-grille,Détail de la coque marbrée et de la grille latérale,1125,1491,1600,WEBP,100284,56030957b8126e340536cd07d21357b4f188f3f2edf5220f593a7e3608a30fc5
imgi_164_s-l500.webp,02-ecran-et-coque/18-coque-marbrure-grille/coque-marbrure-grille__377x500__l500.webp,18-coque-marbrure-grille,Détail de la coque marbrée et de la grille latérale,377,500,500,WEBP,19078,496e6af8acf960deaba771752d2b2e085415ac8493bd471cda65021d47a1882f
imgi_165_s-l960.webp,02-ecran-et-coque/18-coque-marbrure-grille/coque-marbrure-grille__724x960__l960.webp,18-coque-marbrure-grille,Détail de la coque marbrée et de la grille latérale,724,960,960,WEBP,54382,8c5b94be4f97b71d75806864baffd0eb2f34ff1087651aab5100166ded590250
