fichier,titre,auteur,plateforme,licence,url,telecharge_le,octets,sha256,note
monde/00_CORE/horloge-cheminee/mantel_clock_01.bin,Mantel Clock 01,"Rico Cilliers (modélisation, textures), Yann Kervran (rig)",Poly Haven,CC0 1.0,https://polyhaven.com/a/mantel_clock_01,2026-10-07,641880,95E2B4820DAAEA592AA3E354BB06AA78C2E747FB89939B54EAF51140294D40C7,"glTF 1k officiel, MD5 Poly Haven vérifié"
monde/00_CORE/horloge-cheminee/mantel_clock_01_1k.gltf,Mantel Clock 01,"Rico Cilliers (modélisation, textures), Yann Kervran (rig)",Poly Haven,CC0 1.0,https://polyhaven.com/a/mantel_clock_01,2026-10-07,5628,E4C4F264175626FA14F12409EE5D687CF7F0D68FD1881CB7EB927C5F112DE6AB,"glTF 1k officiel, MD5 Poly Haven vérifié"
monde/00_CORE/horloge-cheminee/textures/mantel_clock_01_arm_1k.jpg,Mantel Clock 01,"Rico Cilliers (modélisation, textures), Yann Kervran (rig)",Poly Haven,CC0 1.0,https://polyhaven.com/a/mantel_clock_01,2026-10-07,700545,08DEA26547315F6A081BFE0763DA8EB987430833CD82F65BD472DE165AAA6BA7,"glTF 1k officiel, MD5 Poly Haven vérifié"
monde/00_CORE/horloge-cheminee/textures/mantel_clock_01_diff_1k.jpg,Mantel Clock 01,"Rico Cilliers (modélisation, textures), Yann Kervran (rig)",Poly Haven,CC0 1.0,https://polyhaven.com/a/mantel_clock_01,2026-10-07,542895,278062FA68C0F763ECD55D59ED31873BFB7FB004A83EC7A3E5E26B31D3D1E23F,"glTF 1k officiel, MD5 Poly Haven vérifié"
monde/00_CORE/horloge-cheminee/textures/mantel_clock_01_nor_gl_1k.jpg,Mantel Clock 01,"Rico Cilliers (modélisation, textures), Yann Kervran (rig)",Poly Haven,CC0 1.0,https://polyhaven.com/a/mantel_clock_01,2026-10-07,536272,FAA4E33A64FEE23010ABC03FFF82F277ED1B1F115AB0651259E9C7DF0ACA6D5F,"glTF 1k officiel, MD5 Poly Haven vérifié"
monde/01_CORRIDOR/horloge-parquet/textures/vintage_grandfather_clock_01_arm_1k.jpg,Vintage Grandfather Clock 01,"James Ray Cock (modélisation, textures), Yann Kervran (rig)",Poly Haven,CC0 1.0,https://polyhaven.com/a/vintage_grandfather_clock_01,2026-10-07,773367,74C6224857FFD1D99999B478F1E57CEF7D2C9852BCB98E4C473C14F6E17D21BE,"glTF 1k officiel, MD5 Poly Haven vérifié"
monde/01_CORRIDOR/horloge-parquet/textures/vintage_grandfather_clock_01_diff_1k.jpg,Vintage Grandfather Clock 01,"James Ray Cock (modélisation, textures), Yann Kervran (rig)",Poly Haven,CC0 1.0,https://polyhaven.com/a/vintage_grandfather_clock_01,2026-10-07,635877,C8FB1B9C6B2E4B4BDBD700EA1EE7CC70CF5EAFC78EEEE37A0AE389FD7AA2DECF,"glTF 1k officiel, MD5 Poly Haven vérifié"
monde/01_CORRIDOR/horloge-parquet/textures/vintage_grandfather_clock_01_nor_gl_1k.jpg,Vintage Grandfather Clock 01,"James Ray Cock (modélisation, textures), Yann Kervran (rig)",Poly Haven,CC0 1.0,https://polyhaven.com/a/vintage_grandfather_clock_01,2026-10-07,602065,D9D36A87F4E09A9CC4D005D9BA3863FBDE167AC30184BEF1628D0499ECDE8D43,"glTF 1k officiel, MD5 Poly Haven vérifié"
monde/01_CORRIDOR/horloge-parquet/vintage_grandfather_clock_01.bin,Vintage Grandfather Clock 01,"James Ray Cock (modélisation, textures), Yann Kervran (rig)",Poly Haven,CC0 1.0,https://polyhaven.com/a/vintage_grandfather_clock_01,2026-10-07,337096,C08AC0F81F4E4F00E0440C8645CAF7B86604655E3B3CFBAFA09465DDA2829C3C,"glTF 1k officiel, MD5 Poly Haven vérifié"
monde/01_CORRIDOR/horloge-parquet/vintage_grandfather_clock_01_1k.gltf,Vintage Grandfather Clock 01,"James Ray Cock (modélisation, textures), Yann Kervran (rig)",Poly Haven,CC0 1.0,https://polyhaven.com/a/vintage_grandfather_clock_01,2026-10-07,8727,6FBF4D470426D301681EA0021A0FE345817D9187608792C7610AEB9981F4CD06,"glTF 1k officiel, MD5 Poly Haven vérifié"
monde/00_CORE/porte/door_wooden_old_-9mb/license.txt,Door_Wooden_Old -9MB,Mehdi Shahsavan (ahmagh2e),Sketchfab,CC BY 4.0,https://sketchfab.com/3d-models/door-wooden-old-9mb-77815b3a55504037aa4641eb9650e9de,2026-10-07,712,5E6C44B7FA437A05BE828C0918FA0CA52D9FBAE4E4641734A763A23EC569B651,glTF Sketchfab téléchargé par l'utilisateur ; licence confirmée par license.txt et asset.extras
monde/00_CORE/porte/door_wooden_old_-9mb/scene.bin,Door_Wooden_Old -9MB,Mehdi Shahsavan (ahmagh2e),Sketchfab,CC BY 4.0,https://sketchfab.com/3d-models/door-wooden-old-9mb-77815b3a55504037aa4641eb9650e9de,2026-10-07,514008,18EBE200133ADDD58FB6905DF414855ECAC4EB6620A6F087AE0CC559AC34B0A8,glTF Sketchfab téléchargé par l'utilisateur ; licence confirmée par license.txt et asset.extras
monde/00_CORE/porte/door_wooden_old_-9mb/scene.gltf,Door_Wooden_Old -9MB,Mehdi Shahsavan (ahmagh2e),Sketchfab,CC BY 4.0,https://sketchfab.com/3d-models/door-wooden-old-9mb-77815b3a55504037aa4641eb9650e9de,2026-10-07,21051,AEB99BCF3A6C400D7115171F3AEBCE35A00A8EE51006BF104D475DC2AD1BDD97,glTF Sketchfab téléchargé par l'utilisateur ; licence confirmée par license.txt et asset.extras
monde/00_CORE/porte/door_wooden_old_-9mb/textures/door_baseColor.png,Door_Wooden_Old -9MB,Mehdi Shahsavan (ahmagh2e),Sketchfab,CC BY 4.0,https://sketchfab.com/3d-models/door-wooden-old-9mb-77815b3a55504037aa4641eb9650e9de,2026-10-07,977893,103DA7E208C06D0805C5044EE6F7038A74E0F3E5F40AB6E8A73EDF0D8776A7B3,glTF Sketchfab téléchargé par l'utilisateur ; licence confirmée par license.txt et asset.extras
monde/00_CORE/porte/door_wooden_old_-9mb/textures/door_metallicRoughness.png,Door_Wooden_Old -9MB,Mehdi Shahsavan (ahmagh2e),Sketchfab,CC BY 4.0,https://sketchfab.com/3d-models/door-wooden-old-9mb-77815b3a55504037aa4641eb9650e9de,2026-10-07,604173,947C0900E1FBFC030B8413E99AC5BAD8BD4017DCCF04D39532396C12BDD2A189,glTF Sketchfab téléchargé par l'utilisateur ; licence confirmée par license.txt et asset.extras
monde/00_CORE/porte/door_wooden_old_-9mb/textures/door_normal.png,Door_Wooden_Old -9MB,Mehdi Shahsavan (ahmagh2e),Sketchfab,CC BY 4.0,https://sketchfab.com/3d-models/door-wooden-old-9mb-77815b3a55504037aa4641eb9650e9de,2026-10-07,1029334,FC1C6388B13A06680CBBF6783079325EB319F75BD96BE04A71ABC23D7A6ED051,glTF Sketchfab téléchargé par l'utilisateur ; licence confirmée par license.txt et asset.extras
monde/00_CORE/porte/door_wooden_old_-9mb/textures/material_baseColor.png,Door_Wooden_Old -9MB,Mehdi Shahsavan (ahmagh2e),Sketchfab,CC BY 4.0,https://sketchfab.com/3d-models/door-wooden-old-9mb-77815b3a55504037aa4641eb9650e9de,2026-10-07,989023,37E6F5BF3D0CE898B3FA0F0096839318E6EFAFA6C3F80042EFD6C67B62C1926D,glTF Sketchfab téléchargé par l'utilisateur ; licence confirmée par license.txt et asset.extras
monde/00_CORE/porte/door_wooden_old_-9mb/textures/material_metallicRoughness.png,Door_Wooden_Old -9MB,Mehdi Shahsavan (ahmagh2e),Sketchfab,CC BY 4.0,https://sketchfab.com/3d-models/door-wooden-old-9mb-77815b3a55504037aa4641eb9650e9de,2026-10-07,637530,3998F07C48EA652F84A60EEBE21F43DFD6E1BE5B6D919F71CD74583C4A2B12DE,glTF Sketchfab téléchargé par l'utilisateur ; licence confirmée par license.txt et asset.extras
monde/00_CORE/porte/door_wooden_old_-9mb/textures/material_normal.png,Door_Wooden_Old -9MB,Mehdi Shahsavan (ahmagh2e),Sketchfab,CC BY 4.0,https://sketchfab.com/3d-models/door-wooden-old-9mb-77815b3a55504037aa4641eb9650e9de,2026-10-07,803057,4B3DE7F3090F4F3201B33FDDB3B68F3603CCEF4711A7ED4BA0CB1704F79CCD79,glTF Sketchfab téléchargé par l'utilisateur ; licence confirmée par license.txt et asset.extras
